秋之回忆作品顺序,日文名,中文名,日版发售日期（最早发售日期）
第一作前传,Memories Off: Pure,秋之回忆 Pure,2000年4月27日
第一作,Memories Off,秋之回忆1,1999年9月30日
第二作前传,Memories.Off 2nd：雪蛍,秋之回忆2雪萤,2003年3月27日Duet收录
第二作,Memories.Off 2nd,秋之回忆2,2001年9月27日
第一二作外传,Memories Off：After rain,秋之回忆 雨后,2005年1-3月分开发售
第一二作合集,Memories Off Duet,秋之回忆 Duet,2003年3月27日
第三作,想い出にかわる君～Memories Off～,秋之回忆 想君,2002年11月28日
第四作,Memories Off～それから～,秋之回忆 从今以后,2004年6月24日
第四作后传,Memories Off～それからagain～,秋之回忆 从今以后 again,2006年3月23日
第五作,Memories Off #5～どぎれたフィルム～,秋之回忆#5 中断的胶片,2005年10月27日
第五作后传,Memories Off #5 encore,秋之回忆#5 安可,2007年7月12日
第六作,Memories Off 6～T-wave～,秋之回忆6：三角波澜,2008年8月21日
第六作后传,Memories Off 6 Next Relation,秋之回忆6Next Relation,2009年8月27日
第七作,Memories Off 7 ゆびきりの记忆,秋之回忆:勾指起誓的记忆,2010年7月29日
第七作特典,Memories Off 7ふたりの风流庵,秋之回忆：两人的风流庵,2011年5月26日
第八作,Memories Off Innocent Fille,告别回忆：无垢少女,2018年3月29日
第八作后传,Memories Off Innocent Fille for Dearest,告别回忆:无垢少女for Dearest,2019年3月28日
